SNP,Chromosome,Position
S9_357034,9,357034
S5_43291513,5,43291513
S13_33249889,13,33249889
S13_36078524,13,36078524
S14_46059974,14,46059974
S11_16599123,11,16599123
S6_10572018,6,10572018
S6_18953757,6,18953757
S10_46603613,10,46603613
S12_5956544,12,5956544
S16_33541713,16,33541713
S16_33783309,16,33783309
S19_3853106,19,3853106
S14_51470509,14,51470509
S6_21425842,6,21425842
S6_29746316,6,29746316
S13_24314769,13,24314769
S18_18148131,18,18148131
S3_45312570,3,45312570
S18_19406977,18,19406977
S20_47652832,20,47652832
S1_19659241,1,19659241
S3_46262854,3,46262854
S6_35964162,6,35964162
S11_33076699,11,33076699
S13_31953046,13,31953046
S14_44305514,14,44305514
S20_27974698,20,27974698
S1_41369491,1,41369491
S1_42564044,1,42564044
S3_11476688,3,11476688
S3_11476766,3,11476766
S4_6975173,4,6975173
S12_2065748,12,2065748
S12_9896847,12,9896847
S17_28261327,17,28261327
S18_54666017,18,54666017
S6_11480939,6,11480939
S6_18829045,6,18829045
S10_53695238,10,53695238
S15_47375861,15,47375861
S16_38620322,16,38620322
S20_48073333,20,48073333
S2_8122958,2,8122958
S7_2426728,7,2426728
S11_10523956,11,10523956
S13_22511153,13,22511153
S16_32491210,16,32491210
S20_45228952,20,45228952
S3_45205931,3,45205931
S6_39173034,6,39173034
S10_47543789,10,47543789
S11_20385765,11,20385765
S13_38442052,13,38442052
S16_1635018,16,1635018
S16_5385254,16,5385254
S19_4209202,19,4209202
S3_48297396,3,48297396
S3_48302488,3,48302488
S8_45705911,8,45705911
S14_32660718,14,32660718
S18_5773999,18,5773999
S18_43848288,18,43848288
S3_42037189,3,42037189
S6_51037139,6,51037139
S20_44743724,20,44743724
S13_15829321,13,15829321
S16_5797345,16,5797345
S5_41094477,5,41094477
S17_26287841,17,26287841
S18_28629822,18,28629822
S13_46529050,13,46529050
S9_39959973,9,39959973
S18_49967904,18,49967904
S15_47494806,15,47494806
S17_7273304,17,7273304
S16_27568938,16,27568938
S2_51951485,2,51951485
S20_38995211,20,38995211
S20_39016659,20,39016659
S1_1000413,1,1000413
S3_46887270,3,46887270
S3_48493386,3,48493386
S4_10948000,4,10948000
S4_43446309,4,43446309
S5_40862055,5,40862055
S5_41676577,5,41676577
S6_43454957,6,43454957
S6_44448490,6,44448490
S6_51450560,6,51450560
S7_6261588,7,6261588
S7_10562440,7,10562440
S7_40973440,7,40973440
S8_11680085,8,11680085
S8_43297849,8,43297849
S9_8077812,9,8077812
S9_45594223,9,45594223
S9_50888837,9,50888837
S10_50149651,10,50149651
S13_37124,13,37124
S13_175463,13,175463
S13_11226369,13,11226369
S14_1794317,14,1794317
S14_25247823,14,25247823
S15_18983857,15,18983857
S15_25754515,15,25754515
S15_33208220,15,33208220
S16_4869137,16,4869137
S16_5383152,16,5383152
S16_22974870,16,22974870
S17_30879728,17,30879728
S18_8248537,18,8248537
S20_22242711,20,22242711
S20_36317618,20,36317618
S20_37707727,20,37707727
S20_45460863,20,45460863
S5_3638030,5,3638030
S19_52606374,19,52606374
S18_7225598,18,7225598
S11_38299532,11,38299532
S2_6289590,2,6289590
S12_4048051,12,4048051
S14_42726757,14,42726757
S17_17959594,17,17959594
S17_21289885,17,21289885
S18_42719473,18,42719473
S18_53741733,18,53741733
S7_17571067,7,17571067
S6_19659293,6,19659293
S13_31167728,13,31167728
S15_47096839,15,47096839
S13_12455238,13,12455238
S2_9604296,2,9604296
S7_45112120,7,45112120
S9_10285884,9,10285884
S11_33076738,11,33076738
S13_20677795,13,20677795
S18_34684832,18,34684832
S2_8280288,2,8280288
S7_32903700,7,32903700
S8_47012139,8,47012139
S14_22847911,14,22847911
S15_47096908,15,47096908
S1_53404826,1,53404826
S3_1772574,3,1772574
S16_27856160,16,27856160
S1_404582,1,404582
S1_485856,1,485856
S1_509194,1,509194
S1_805318,1,805318
S1_864804,1,864804
S1_1036502,1,1036502
S1_1036569,1,1036569
S1_1181504,1,1181504
S1_1260413,1,1260413
S1_1260446,1,1260446
S1_1787517,1,1787517
S1_2170979,1,2170979
S1_2170996,1,2170996
S1_2175407,1,2175407
S1_2797980,1,2797980
S1_2797992,1,2797992
S1_2862328,1,2862328
S1_3321474,1,3321474
S1_3518098,1,3518098
S1_3518111,1,3518111
S1_3518116,1,3518116
S1_3518119,1,3518119
S1_4114750,1,4114750
S1_4374770,1,4374770
S1_4374777,1,4374777
S1_4886230,1,4886230
S1_5085220,1,5085220
S1_5823239,1,5823239
S1_5831527,1,5831527
S1_6834891,1,6834891
S1_6934099,1,6934099
S1_7353143,1,7353143
S1_17139162,1,17139162
S1_22858767,1,22858767
S1_29624204,1,29624204
S1_29634812,1,29634812
S1_35213153,1,35213153
S1_35333916,1,35333916
S1_35333960,1,35333960
S1_38202189,1,38202189
S1_38838258,1,38838258
S1_41310813,1,41310813
S1_41423457,1,41423457
S1_41423472,1,41423472
S1_42434335,1,42434335
S1_43423071,1,43423071
S1_44669278,1,44669278
S1_45369778,1,45369778
S1_45369838,1,45369838
S1_46376305,1,46376305
S1_46376331,1,46376331
S1_46903548,1,46903548
S1_49143382,1,49143382
S1_49143394,1,49143394
