SNP,Chromosome,Position,performance_score,-log10(Performance)
S9_357034,9,357034,0.1508804244897959,0.8213671027528453
S16_5797345,16,5797345,0.16691827499999906,0.7774961121094585
S13_33249889,13,33249889,0.24792557482993308,0.6056786711562501
S13_36078524,13,36078524,0.24792557482993308,0.6056786711562501
S14_46059963,14,46059963,0.24792557482993308,0.6056786711562501
S14_46059974,14,46059974,0.24792557482993308,0.6056786711562501
S1_41369491,1,41369491,0.33807962222222315,0.47098100558191663
S1_42564044,1,42564044,0.33807962222222315,0.47098100558191663
S3_11476688,3,11476688,0.33807962222222315,0.47098100558191663
S3_11476766,3,11476766,0.33807962222222315,0.47098100558191663
S4_6975173,4,6975173,0.33807962222222315,0.47098100558191663
S4_46503065,4,46503065,0.33807962222222315,0.47098100558191663
S6_509168,6,509168,0.33807962222222315,0.47098100558191663
S6_39139190,6,39139190,0.33807962222222315,0.47098100558191663
S8_43896096,8,43896096,0.33807962222222315,0.47098100558191663
S12_2065748,12,2065748,0.33807962222222315,0.47098100558191663
S12_5956544,12,5956544,0.33807962222222315,0.47098100558191663
S12_9896847,12,9896847,0.33807962222222315,0.47098100558191663
S13_32274849,13,32274849,0.33807962222222315,0.47098100558191663
S16_33541713,16,33541713,0.33807962222222315,0.47098100558191663
S16_33783309,16,33783309,0.33807962222222315,0.47098100558191663
S17_18427541,17,18427541,0.33807962222222315,0.47098100558191663
S17_28261327,17,28261327,0.33807962222222315,0.47098100558191663
S18_7959174,18,7959174,0.33807962222222315,0.47098100558191663
S18_54666017,18,54666017,0.33807962222222315,0.47098100558191663
S19_3853106,19,3853106,0.33807962222222315,0.47098100558191663
S19_45483019,19,45483019,0.33807962222222315,0.47098100558191663
S20_46344209,20,46344209,0.33807962222222315,0.47098100558191663
S18_58922465,18,58922465,0.3415642709750554,0.4665275645928558
S6_11480939,6,11480939,0.3850188396825406,0.4145180191408877
S1_54764742,1,54764742,0.3935084222222217,0.4050459680431809
S2_5637280,2,5637280,0.3935084222222217,0.4050459680431809
S3_39341483,3,39341483,0.3935084222222217,0.4050459680431809
S3_41397134,3,41397134,0.3935084222222217,0.4050459680431809
S3_41401674,3,41401674,0.3935084222222217,0.4050459680431809
S4_200917,4,200917,0.3935084222222217,0.4050459680431809
S5_36937432,5,36937432,0.3935084222222217,0.4050459680431809
S5_43476971,5,43476971,0.3935084222222217,0.4050459680431809
S6_15412978,6,15412978,0.3935084222222217,0.4050459680431809
S6_42152892,6,42152892,0.3935084222222217,0.4050459680431809
S9_40605275,9,40605275,0.3935084222222217,0.4050459680431809
S11_1627289,11,1627289,0.3935084222222217,0.4050459680431809
S12_4849172,12,4849172,0.3935084222222217,0.4050459680431809
S12_4849191,12,4849191,0.3935084222222217,0.4050459680431809
S13_39477100,13,39477100,0.3935084222222217,0.4050459680431809
S15_15129163,15,15129163,0.3935084222222217,0.4050459680431809
S16_33442249,16,33442249,0.3935084222222217,0.4050459680431809
S16_37436108,16,37436108,0.3935084222222217,0.4050459680431809
S17_15810285,17,15810285,0.3935084222222217,0.4050459680431809
S17_28261274,17,28261274,0.3935084222222217,0.4050459680431809
S18_8604431,18,8604431,0.3935084222222217,0.4050459680431809
S7_18075848,7,18075848,0.4366974015936015,0.3598193921796855
S13_29741111,13,29741111,0.4366974015936015,0.3598193921796855
S6_18953757,6,18953757,0.437522565476191,0.35899954307809073
S6_21425842,6,21425842,0.437522565476191,0.35899954307809073
S6_29746316,6,29746316,0.437522565476191,0.35899954307809073
S10_46603613,10,46603613,0.437522565476191,0.35899954307809073
S13_24314769,13,24314769,0.437522565476191,0.35899954307809073
S18_849782,18,849782,0.437522565476191,0.35899954307809073
S15_53328326,15,53328326,0.44188703122323075,0.3546887441965588
S15_53328332,15,53328332,0.44188703122323075,0.3546887441965588
S15_53328340,15,53328340,0.44188703122323075,0.3546887441965588
S14_46755360,14,46755360,0.44826062156714297,0.3484694110053834
S6_10572018,6,10572018,0.45475647266314045,0.342221110798003
S14_51470509,14,51470509,0.45475647266314045,0.342221110798003
S20_38916739,20,38916739,0.45475647266314045,0.342221110798003
S3_41576343,3,41576343,0.4673352777777776,0.3303714341138391
S3_48637639,3,48637639,0.4673352777777776,0.3303714341138391
S9_40366822,9,40366822,0.4673352777777776,0.3303714341138391
S13_29185758,13,29185758,0.4673352777777776,0.3303714341138391
S3_37367158,3,37367158,0.46907483333333266,0.32875786706916227
S7_8309915,7,8309915,0.46907483333333266,0.32875786706916227
S13_24404899,13,24404899,0.46907483333333266,0.32875786706916227
S13_27247799,13,27247799,0.46907483333333266,0.32875786706916227
S15_47753600,15,47753600,0.46907483333333266,0.32875786706916227
S2_5530783,2,5530783,0.471082933333333,0.3269026293500039
S2_51951491,2,51951491,0.471082933333333,0.3269026293500039
S3_48656857,3,48656857,0.471082933333333,0.3269026293500039
S3_48732942,3,48732942,0.471082933333333,0.3269026293500039
S8_14122851,8,14122851,0.471082933333333,0.3269026293500039
S13_30847047,13,30847047,0.471082933333333,0.3269026293500039
S13_32558830,13,32558830,0.471082933333333,0.3269026293500039
S13_33526109,13,33526109,0.471082933333333,0.3269026293500039
S13_36098951,13,36098951,0.471082933333333,0.3269026293500039
S16_4967276,16,4967276,0.471082933333333,0.3269026293500039
S18_51532681,18,51532681,0.471082933333333,0.3269026293500039
S18_52341603,18,52341603,0.47245483333333294,0.3256397037085734
S18_52341609,18,52341609,0.47245483333333294,0.3256397037085734
S20_38602757,20,38602757,0.47245483333333294,0.3256397037085734
S6_11705392,6,11705392,0.47489083333333315,0.3234062133852862
S13_35404648,13,35404648,0.47489083333333315,0.3234062133852862
S16_25737057,16,25737057,0.47489083333333315,0.3234062133852862
S18_8577352,18,8577352,0.47489083333333315,0.3234062133852862
S2_51951485,2,51951485,0.47586693333333285,0.3225144720657065
S5_37517079,5,37517079,0.47586693333333285,0.3225144720657065
S20_38995211,20,38995211,0.47586693333333285,0.3225144720657065
S12_10424796,12,10424796,0.4795901897203322,0.3191297092135169
S20_48073333,20,48073333,0.4795901897203322,0.3191297092135169
S7_17571067,7,17571067,0.48505463463088994,0.31420934143406765
S20_39016659,20,39016659,0.4909016777777785,0.3090054835888943
S2_51951477,2,51951477,0.4930413333333335,0.3071166708117671
S2_52857990,2,52857990,0.4930413333333335,0.3071166708117671
S3_22248403,3,22248403,0.4930413333333335,0.3071166708117671
S13_30847015,13,30847015,0.4930413333333335,0.3071166708117671
S16_25438111,16,25438111,0.4930413333333335,0.3071166708117671
S1_53856832,1,53856832,0.4941590575396816,0.30613323995615266
S4_50191724,4,50191724,0.4941590575396816,0.30613323995615266
S10_47942176,10,47942176,0.4941590575396816,0.30613323995615266
S11_16599123,11,16599123,0.4941590575396816,0.30613323995615266
S6_51637026,6,51637026,0.5230273880385476,0.28147556894805614
S1_53398941,1,53398941,0.5295621012849596,0.27608310323557705
S1_53403387,1,53403387,0.5295621012849596,0.27608310323557705
S3_38502165,3,38502165,0.5295621012849596,0.27608310323557705
S3_43527190,3,43527190,0.5295621012849596,0.27608310323557705
S4_50830114,4,50830114,0.5295621012849596,0.27608310323557705
S4_52746975,4,52746975,0.5295621012849596,0.27608310323557705
S7_6551364,7,6551364,0.5295621012849596,0.27608310323557705
S7_42248722,7,42248722,0.5295621012849596,0.27608310323557705
S15_9388919,15,9388919,0.5295621012849596,0.27608310323557705
S17_42052665,17,42052665,0.5295621012849596,0.27608310323557705
S18_2091559,18,2091559,0.5295621012849596,0.27608310323557705
S18_2470021,18,2470021,0.5295621012849596,0.27608310323557705
S1_45818912,1,45818912,0.5421733532879814,0.2658618309170395
S3_11131594,3,11131594,0.5428875999999996,0.26529007787476244
S20_38955395,20,38955395,0.5428875999999996,0.26529007787476244
S3_4391943,3,4391943,0.5444540444444446,0.2640387717143979
S3_4391965,3,4391965,0.5444540444444446,0.2640387717143979
S7_9745542,7,9745542,0.5444540444444446,0.2640387717143979
S10_48323385,10,48323385,0.5444540444444446,0.2640387717143979
S15_37799610,15,37799610,0.5444540444444446,0.2640387717143979
S20_48457349,20,48457349,0.5444540444444446,0.2640387717143979
S3_48706606,3,48706606,0.5446301777777773,0.26389829821592686
S5_29290420,5,29290420,0.5446301777777773,0.26389829821592686
S8_45035600,8,45035600,0.5446301777777773,0.26389829821592686
S16_4801740,16,4801740,0.5446301777777773,0.26389829821592686
S20_38336440,20,38336440,0.5446301777777773,0.26389829821592686
S20_40115636,20,40115636,0.5446301777777773,0.26389829821592686
S13_32359745,13,32359745,0.5457424000000002,0.26301230355477295
S1_843026,1,843026,0.5508551056689338,0.25896262090084865
S3_39349231,3,39349231,0.5508551056689338,0.25896262090084865
S20_38339724,20,38339724,0.5508551056689338,0.25896262090084865
S20_38594404,20,38594404,0.5508551056689338,0.25896262090084865
S7_7471931,7,7471931,0.5513082066326532,0.25860554267627406
S8_14009627,8,14009627,0.5527644798185933,0.257459872136044
S2_6289590,2,6289590,0.5557603214285708,0.2551124629558289
S13_29130626,13,29130626,0.5562321333333338,0.2547439257087398
S13_38569444,13,38569444,0.5562321333333338,0.2547439257087398
S16_25737109,16,25737109,0.5562321333333338,0.2547439257087398
S19_5990075,19,5990075,0.5562321333333338,0.2547439257087398
S20_48422510,20,48422510,0.5562321333333338,0.2547439257087398
S20_48422519,20,48422519,0.5562321333333338,0.2547439257087398
S2_12258486,2,12258486,0.5568728679705213,0.254243941344815
S1_12728189,1,12728189,0.5622112000000006,0.2501005069147262
S12_40384576,12,40384576,0.5622112000000006,0.2501005069147262
S16_25688282,16,25688282,0.5624549773683543,0.24991223563978718
S3_14430139,3,14430139,0.5633948257999486,0.24918714587855453
S2_8280288,2,8280288,0.5738951666666673,0.24116743285686607
S12_2401977,12,2401977,0.5772917723356,0.2386046320989974
S19_4381376,19,4381376,0.5819976288548758,0.23507878472698598
S5_39691832,5,39691832,0.5871523816893421,0.23124917313307414
S5_43212033,5,43212033,0.5871523816893421,0.23124917313307414
S14_4054059,14,4054059,0.5871523816893421,0.23124917313307414
S20_48472245,20,48472245,0.5871523816893421,0.23124917313307414
S5_41725607,5,41725607,0.5883474376417229,0.2303661336362475
S8_14126010,8,14126010,0.5883474376417229,0.2303661336362475
S2_8885382,2,8885382,0.588631256235827,0.23015668064901618
S2_8908673,2,8908673,0.588631256235827,0.23015668064901618
S13_29704300,13,29704300,0.588631256235827,0.23015668064901618
S13_30263571,13,30263571,0.588631256235827,0.23015668064901618
S4_48539570,4,48539570,0.5896646950113373,0.22939487395317498
S6_46947269,6,46947269,0.5896646950113373,0.22939487395317498
S2_44902750,2,44902750,0.589745361552028,0.2293354662291933
S4_36115205,4,36115205,0.589745361552028,0.2293354662291933
S11_15131663,11,15131663,0.589745361552028,0.2293354662291933
S12_41793386,12,41793386,0.589745361552028,0.2293354662291933
S13_5532340,13,5532340,0.589745361552028,0.2293354662291933
S15_13061315,15,13061315,0.589745361552028,0.2293354662291933
S16_6037779,16,6037779,0.589745361552028,0.2293354662291933
S17_39745007,17,39745007,0.589745361552028,0.2293354662291933
S18_54517583,18,54517583,0.589745361552028,0.2293354662291933
S20_37117315,20,37117315,0.589745361552028,0.2293354662291933
S20_43673907,20,43673907,0.589745361552028,0.2293354662291933
S3_11139002,3,11139002,0.5899768261337864,0.2291650467983257
S3_44960145,3,44960145,0.5899768261337864,0.2291650467983257
S8_44930845,8,44930845,0.5899768261337864,0.2291650467983257
S8_47005528,8,47005528,0.5899768261337864,0.2291650467983257
S14_4014239,14,4014239,0.5899768261337864,0.2291650467983257
S1_43913320,1,43913320,0.591801863422776,0.22782367169827364
S5_30633366,5,30633366,0.591801863422776,0.22782367169827364
S3_39340901,3,39340901,0.592040273412698,0.22764874948317107
S12_9900592,12,9900592,0.5927957109410429,0.22709494727126583
S3_44994269,3,44994269,0.5945161507936513,0.22583634271848496
S7_8435997,7,8435997,0.5945161507936513,0.22583634271848496
S20_38467056,20,38467056,0.5945161507936513,0.22583634271848496
S20_38993655,20,38993655,0.5945161507936513,0.22583634271848496
S3_6307714,3,6307714,0.5955389866780045,0.2250898023677693
S6_11648119,6,11648119,0.5955389866780045,0.2250898023677693
S13_40118144,13,40118144,0.5955389866780045,0.2250898023677693
S20_38841174,20,38841174,0.5955389866780045,0.2250898023677693
S3_31539224,3,31539224,0.5958836726631398,0.2248385141715337
